{"cameraMode":{"drawMode":0,"name":"Shaded","section":"Shading Mode"},"sceneLighting":true,"audioPlay":false,"sceneViewState":{"showFog":true,"showMaterialUpdate":false,"showSkybox":true,"showFlares":true,"showImageEffects":true,"showParticleSystems":true},"in2DMode":false,"pivot":{"x":168.3311767578125,"y":-5.929054260253906,"z":187.0745849609375},"rotation":{"x":-0.18370524048805238,"y":0.8081440925598145,"z":-0.3268333673477173,"w":-0.45424172282218935},"size":114.09993743896485,"orthographic":false}