{"cameraMode":{"drawMode":0,"name":"Shaded","section":"Shading Mode"},"sceneLighting":false,"audioPlay":false,"sceneViewState":{"showFog":true,"showMaterialUpdate":false,"showSkybox":true,"showFlares":true,"showImageEffects":true,"showParticleSystems":true},"in2DMode":false,"pivot":{"x":-30.764923095703126,"y":3.2578625679016115,"z":-74.31388854980469},"rotation":{"x":-0.18370524048805238,"y":0.8081440925598145,"z":-0.3268333673477173,"w":-0.45424172282218935},"size":22.0,"orthographic":false}