{"cameraMode":{"drawMode":0,"name":"Shaded","section":"Shading Mode"},"sceneLighting":false,"audioPlay":false,"sceneViewState":{"showFog":true,"showMaterialUpdate":false,"showSkybox":true,"showFlares":true,"showImageEffects":true,"showParticleSystems":true},"in2DMode":false,"pivot":{"x":1308.604736328125,"y":379.34454345703127,"z":539.6822509765625},"rotation":{"x":-0.11609797924757004,"y":0.2002803236246109,"z":-0.0239091943949461,"w":-0.9725417494773865},"size":1913.539306640625,"orthographic":false}